,name,position,annual_salary
0,LeBron James,SF,23318005.11764706
1,Stephen Curry,PG,22050262.14285714
2,Kobe Bryant,SF,21925882.923076924
3,James Harden,SG,21781893.0
4,Damian Lillard,PG,21415545.818181816
5,Kevin Durant,PF,20936869.3125
6,Joel Embiid,C,20760090.0
7,Anthony Davis,PF,20700147.90909091
8,Bradley Beal,SG,20424730.363636363
9,Chris Paul,PG,19988716.388888888
10,Paul George,PF,19983908.692307692
11,Russell Westbrook,PG,19566520.2
12,Kyrie Irving,PG,19495095.5
13,Kawhi Leonard,SF,19449027.25
14,Giannis Antetokounmpo,PF,19213799.6
15,Andrew Wiggins,SF,19173365.888888888
16,Nikola Jokic,C,18801112.125
17,Klay Thompson,SG,18783840.833333332
18,John Wall,PG,18594878.46153846
19,Karl-Anthony Towns,C,18494604.375
20,Gordon Hayward,SF,18430733.692307692
21,Jimmy Butler,SF,18312718.833333332
22,Khris Middleton,SF,18300756.3
23,CJ McCollum,SG,18131344.0
24,Ben Simmons,PG,17985419.714285713
25,Shaquille O'Neal,C,17971040.222222224
26,Kristaps Porzingis,C,17760043.5
27,D'Angelo Russell,PG,17725102.0
28,Tobias Harris,PF,17635023.666666668
29,Rudy Gobert,C,17495375.6
30,Stephon Marbury,PG,16935937.5
31,Al Horford,C,16888982.1875
32,Allan Houston,SG,16734000.0
33,Kevin Garnett,PF,16607142.857142856
34,DeMar DeRozan,SF,16562501.42857143
35,Devin Booker,SG,16527745.625
36,Kevin Love,PF,16170708.333333334
37,Brandon Ingram,SF,16032440.714285715
38,Mike Conley,PG,15818130.875
39,Jrue Holiday,PG,15728234.357142856
40,Chris Bosh,PF,15631096.083333334
41,Chandler Parsons,SF,15226728.4
42,Zach LaVine,SG,15192697.5
43,Harrison Barnes,SF,15180117.272727273
44,Pascal Siakam,PF,15092798.42857143
45,Blake Griffin,PF,14703417.642857144
46,Jamal Murray,PG,14701929.42857143
47,Steven Adams,C,14676000.3
48,Kyle Lowry,PG,14581274.94117647
49,Jayson Tatum,SF,14380053.333333334
50,Jaylen Brown,SG,14377055.142857144
51,Draymond Green,PF,14344585.818181818
52,Deandre Ayton,C,14167540.0
53,Latrell Sprewell,SG,14062500.0
54,Tim Duncan,C,14053492.0
55,Dirk Nowitzki,PF,14030394.125
56,LaMarcus Aldridge,C,14012632.1875
57,Luka Doncic,PG,13912550.2
58,Tracy McGrady,SG,13726871.0
59,Antawn Jamison,PF,13614982.285714285
60,Carmelo Anthony,PF,13555516.764705881
61,Aaron Gordon,PF,13525743.625
62,Yao Ming,C,13491276.0
63,Bogdan Bogdanovic,SG,13490277.666666666
64,De'Aaron Fox,PG,13463267.833333334
65,Fred VanVleet,PG,13453232.833333334
66,Nikola Vucevic,C,13046481.666666666
67,Jason Kidd,PG,12943944.444444444
68,Trae Young,PG,12724542.2
69,Malcolm Brogdon,PG,12716414.57142857
70,Otto Porter Jr.,SF,12637839.727272727
71,Antonio Davis,PF,12621666.666666666
72,Jermaine O'Neal,C,12609509.888888888
73,Myles Turner,C,12592333.5
74,Marc Gasol,C,12577683.2
75,Dwight Howard,C,12538550.8125
76,Amar'e Stoudemire,C,12531166.636363637
77,Pau Gasol,PF,12368993.4375
78,Paul Pierce,SF,12326820.384615384
79,Ray Allen,SG,12325736.363636363
80,Buddy Hield,SG,12305466.0
81,Zach Randolph,PF,12285182.333333334
82,Danilo Gallinari,PF,12277654.266666668
83,Donovan Mitchell,SG,12263545.166666666
84,Tim Hardaway Jr.,SF,12246986.8
85,Bam Adebayo,C,12156088.666666666
86,Vlade Divac,C,12051000.0
87,Dwyane Wade,SG,12005327.266666668
88,Carlos Boozer,PF,11978349.9
89,Markelle Fultz,PG,11952276.166666666
90,Lonzo Ball,PG,11935192.833333334
91,Allen Crabbe,SG,11891784.5
92,Raef LaFrentz,C,11829653.0
93,Gilbert Arenas,PG,11732638.42857143
94,Tom Gugliotta,PF,11668000.0
95,Jaren Jackson Jr.,PF,11645409.0
96,Julius Randle,PF,11625218.0
97,Paul Millsap,PF,11617069.0625
98,Bojan Bogdanovic,SF,11614907.0
99,Serge Ibaka,PF,11595879.846153846
100,Michael Redd,SG,11569207.0
101,Evan Fournier,SG,11546022.272727273
102,Brook Lopez,C,11520385.6
103,Eric Bledsoe,SG,11448792.846153846
104,Glenn Robinson,SF,11365000.0
105,Kemba Walker,PG,11334012.25
106,Eric Gordon,SG,11330792.142857144
107,Rashard Lewis,PF,11269029.0
108,Jalen Rose,SG,11250062.5
109,Anfernee Hardaway,SF,11161402.5
110,Vin Baker,PF,11154887.75
111,Jonas Valanciunas,C,11127327.0
112,Zion Williamson,PF,11067784.25
113,Paolo Banchero,PF,11055120.0
114,Victor Oladipo,SG,10970034.454545455
115,Joe Johnson,SG,10905292.470588235
116,Terry Rozier,SG,10869499.125
117,Nicolas Batum,PF,10841087.133333333
118,Tyson Chandler,C,10708521.666666666
119,Ricky Rubio,PG,10659478.0
120,Chris Webber,C,10635684.0
121,Derrick Rose,PG,10595742.0
122,Andre Drummond,C,10582198.181818182
123,Gary Harris,SG,10528846.111111112
124,Rudy Gay,SF,10477723.588235294
125,Wally Szczerbiak,SG,10447400.0
126,Allen Iverson,SG,10421836.9
127,Tony Parker,SG,10421058.6875
128,Andre Iguodala,PF,10394530.388888888
129,Cade Cunningham,PG,10301460.0
130,DeAndre Jordan,C,10299676.866666667
131,Keith Van Horn,PF,10298071.8
132,Andrei Kirilenko,SF,10266882.0
133,Anthony Edwards,SG,10245440.0
134,Deron Williams,PG,10181159.75
135,Derrick Favors,PF,10104678.153846154
136,Al Jefferson,C,10071275.153846154
137,Antoine Walker,PF,9999653.333333334
138,Jordan Clarkson,PG,9949988.333333334
139,Baron Davis,PG,9937975.333333334
140,Marcus Smart,PG,9937547.625
141,Domantas Sabonis,PF,9912765.0
142,Chet Holmgren,PF,9891240.0
143,Steve Nash,PG,9889750.0
144,Evan Turner,SG,9857225.7
145,Clint Capela,C,9784743.111111112
146,Luol Deng,PF,9779812.357142856
147,Hassan Whiteside,C,9778043.363636363
148,Marvin Bagley III,PF,9727494.8
149,Shawn Marion,SG,9698220.0
150,John Collins,PF,9653670.333333334
151,Jonathan Isaac,PF,9651194.333333334
152,Glen Rice,SF,9600000.0
153,Rasheed Wallace,PF,9592558.777777778
154,Timofey Mozgov,C,9590129.181818182
155,Shai Gilgeous-Alexander,PG,9575776.4
156,Kerry Kittles,SG,9542000.0
157,Nikola Mirotic,PF,9518739.285714285
158,Elton Brand,PF,9377317.846153846
159,Mehmet Okur,C,9340625.0
160,Jamal Mashburn,SF,9300000.0
161,Ja Morant,PG,9275940.0
162,Nikola Pekovic,C,9264475.0
163,Jalen Green,SG,9217020.0
164,Michael Porter Jr.,SF,9201369.0
165,Norman Powell,SG,9189678.25
166,Tristan Thompson,C,9179948.916666666
167,James Wiseman,C,9166800.0
168,Jerami Grant,SF,9138019.333333334
169,Brian Grant,PF,9083333.333333334
170,Brandon Knight,PG,9065537.444444444
171,Goran Dragic,PG,9005191.4
172,Marcus Camby,C,8991742.0
173,Davis Bertans,SF,8979440.285714285
174,Kenyon Martin,PF,8966197.363636363
175,Joakim Noah,C,8911579.5
176,RJ Barrett,SG,8899068.75
177,Kentavious Caldwell-Pope,SG,8894740.0
178,Jabari Smith Jr.,PF,8882640.0
179,Lauri Markkanen,PF,8878418.5
180,Joe Harris,SF,8847724.75
181,Marcin Gortat,C,8797068.285714285
182,Thaddeus Young,PF,8657531.0
183,Jason Richardson,SG,8631569.909090908
184,Caris LeVert,SG,8584799.714285715
185,Tyreke Evans,SG,8540304.5
186,Omer Asik,C,8451498.090909092
187,Shareef Abdur-Rahim,PF,8420833.333333334
188,Kelly Olynyk,PF,8405272.0
189,Richard Hamilton,SG,8399555.555555556
190,Jarrett Allen,C,8392497.0
191,Brad Miller,C,8344500.0
192,Vince Carter,SG,8342295.444444444
193,Evan Mobley,PF,8276940.0
194,Joe Ingles,SG,8246966.888888889
195,LaMelo Ball,PG,8231880.0
196,Nene Hilario,C,8224779.6875
197,Lamar Odom,PF,8194310.6
198,Cuttino Mobley,SG,8191737.9
199,Jusuf Nurkic,C,8135922.777777778
200,Kelly Oubre Jr.,SG,8118017.5
201,Monta Ellis,SG,8118006.230769231
202,Jeff Teague,PG,8097858.833333333
203,Josh Richardson,SG,8043414.125
204,De'Andre Hunter,SF,8025410.25
205,Keegan Murray,SF,8008440.0
206,Corey Maggette,SF,7984666.666666667
207,Dwight Powell,C,7984613.333333333
208,Kent Bazemore,SF,7973199.2
209,Manu Ginobili,SG,7923754.25
210,Steve Francis,PG,7912762.6
211,Chauncey Billups,PG,7884279.0
212,Cody Zeller,C,7872803.3
213,Roy Hibbert,C,7862046.555555556
214,Ryan Anderson,PF,7859419.538461538
215,Nick Van Exel,PG,7817457.666666667
216,Damon Stoudamire,PG,7802088.4
217,Andrew Bogut,C,7791887.285714285
218,Gerald Wallace,SF,7782000.0
219,Dennis Schroder,PG,7773695.2
220,Mike Bibby,PG,7763713.875
221,Peja Stojakovic,SF,7759792.222222222
222,Wesley Person,SF,7700000.0
223,Al Harrington,PF,7677381.25
224,Ben Gordon,SG,7650966.555555556
225,Mark Blount,C,7636062.0
226,DeMarcus Cousins,C,7597891.083333333
227,Erick Dampier,C,7597857.0
228,Michael Kidd-Gilchrist,PF,7570395.75
229,Miles Plumlee,C,7552663.777777778
230,Marcus Morris Sr.,SF,7552488.5
231,Andrew Bynum,C,7538806.666666667
232,Dejounte Murray,SG,7520768.142857143
233,Mikal Bridges,SF,7506537.0
234,Gary Trent Jr.,SG,7484835.4
235,Bismack Biyombo,C,7482061.333333333
236,Scottie Barnes,SF,7462620.0
237,Eddie Jones,SG,7428314.666666667
238,Terrence Ross,SG,7424564.545454546
239,Patrick Williams,PF,7421920.0
240,Marvin Williams,PF,7415950.666666667
241,Chris Kaman,C,7415866.090909091
242,Mason Plumlee,C,7372852.0
243,Collin Sexton,PG,7353022.2
244,Malik Beasley,SG,7329915.428571428
245,Emeka Okafor,C,7317136.307692308
246,Robert Covington,PF,7315678.7
247,Malik Rose,PF,7313323.5
248,Richard Jefferson,PF,7304085.0
249,Grant Hill,SF,7289350.0
250,George Hill,PG,7280484.733333333
251,O.G. Anunoby,SF,7275137.833333333
252,Darius Garland,PG,7270828.75
253,Jaden Ivey,PG,7252200.0
254,Eddy Curry,NA,7247135.625
255,Ben Wallace,PF,7239829.7
256,Zydrunas Ilgauskas,C,7237090.1
257,Luke Kennard,SG,7235803.0
258,Wendell Carter Jr.,C,7232293.4
259,Larry Hughes,SG,7200670.571428572
260,Doug Christie,SG,7187500.0
261,Ron Mercer,SG,7169000.0
262,Andrea Bargnani,C,7160964.363636363
263,Spencer Dinwiddie,PG,7142935.555555556
264,Duncan Robinson,PF,7128437.4
265,Tayshaun Prince,SF,7110035.545454546
266,Enes Freedom,C,7051015.083333333
267,Bobby Simmons,SF,6979141.428571428
268,Tiago Splitter,C,6977750.0
269,Samuel Dalembert,C,6905417.153846154
270,Mo Bamba,C,6880084.6
271,JJ Redick,SG,6863929.142857143
272,David West,PF,6862469.076923077
273,Reggie Jackson,PG,6828007.416666667
274,Courtney Lee,SG,6818254.846153846
275,Josh Smith,PF,6772366.583333333
276,Rajon Rondo,PG,6769800.875
277,Jalen Brunson,PG,6769220.4
278,Derrick White,PG,6767925.333333333
279,Danny Green,PF,6766392.714285715
280,Jalen Suggs,SG,6757680.0
281,Wesley Matthews,SG,6754710.357142857
282,Tyler Johnson,SG,6725570.0
283,Isaac Okoro,SF,6720840.0
284,John Henson,PF,6695514.375
285,Doug McDermott,SF,6659603.666666667
286,Trevor Ariza,SF,6649819.333333333
287,Brandon Roy,SG,6613707.142857143
288,David Lee,PF,6603946.916666667
289,Stephen Jackson,SF,6590343.75
290,Bennedict Mathurin,SG,6586800.0
291,Robin Lopez,C,6567685.666666667
292,Alec Burks,SG,6552336.666666667
293,T.J. Warren,SF,6540237.888888889
294,Greg Ostertag,C,6533000.0
295,Greg Monroe,C,6525398.25
296,Maurice Taylor,PF,6523637.75
297,Tomas Satoransky,SG,6500000.0
298,Jason Terry,SG,6484846.153846154
299,Anfernee Simons,SG,6484473.4
300,Dillon Brooks,SF,6468729.5
301,Larry Nance Jr.,PF,6463507.75
302,Andris Biedrins,C,6435127.0
303,Ian Mahinmi,C,6426153.461538462
304,Andre Miller,PG,6418795.166666667
305,Kevin Martin,SG,6385593.2727272725
306,Jamal Crawford,SG,6382538.3125
307,Howard Eisley,PG,6374666.666666667
308,Andres Nocioni,SF,6359375.0
309,Taj Gibson,C,6354139.142857143
310,Taurean Prince,PF,6300563.714285715
311,Eddie Robinson,SF,6246000.0
312,Jeremy Lamb,SG,6244704.8
313,Milos Teodosic,SG,6225000.0
314,Kelvin Cato,C,6180137.75
315,DeMarre Carroll,PF,6179821.909090909
316,Jarrett Culver,SG,6177060.0
317,Josh Giddey,SG,6137640.0
318,Dante Exum,SG,6125047.222222222
319,Kirk Hinrich,SG,6114677.090909091
320,Will Barton,SG,6112919.454545454
321,Onyeka Okongwu,PF,6104360.0
322,Jerome James,C,6100000.0
323,Maxi Kleber,PF,6082309.5
324,Hedo Turkoglu,SF,6077775.0
325,Meyers Leonard,C,6042739.1
326,Jae Crowder,PF,6042409.636363637
327,Danny Fortson,C,6038665.0
328,Coby White,PG,6032878.75
329,Mirza Teletovic,PF,6031191.666666667
330,Charlie Ward,PG,6030000.0
331,Shaedon Sharpe,SG,6012960.0
332,Boris Diaw,C,5999104.538461538
333,Michael Finley,SG,5936714.285714285
334,Mike Dunleavy,SG,5932576.615384615
335,Alvin Williams,PG,5900000.0
336,Tim Thomas,PF,5898526.4
337,Jeremy Lin,SG,5887316.222222222
338,Jose Calderon,SG,5881233.615384615
339,Matt Harpring,SF,5880000.0
340,Cory Joseph,PG,5847010.083333333
341,JR Smith,SG,5832563.933333334
342,Eric Snow,PG,5828125.0
343,James Johnson,PF,5823307.571428572
344,Christian Wood,PF,5804040.375
345,Christian Laettner,PF,5802000.0
346,Antonio Daniels,PG,5800000.0
347,De'Anthony Melton,SG,5798708.0
348,Kyle Kuzma,SF,5775029.666666667
349,Gorgui Dieng,C,5772428.5
350,O.J. Mayo,SG,5768679.625
351,James Posey,SF,5766700.0
352,Corliss Williamson,PF,5750000.0
353,Justise Winslow,PF,5746626.5
354,Solomon Hill,SF,5735678.2
355,Antonio McDyess,PF,5727925.777777778
356,Kyle Anderson,SF,5724125.777777778
357,Cristiano Felicio,PF,5716201.5
358,Jabari Parker,PF,5715800.625
359,John Salmons,SF,5710630.3
360,Wilson Chandler,PF,5710094.642857143
361,Chris Boucher,PF,5701129.8
362,Marko Jaric,PG,5698114.625
363,Clarence Weatherspoon,PF,5672000.0
364,P.J. Tucker,PF,5670787.666666667
365,Jahidi White,C,5639000.0
366,Caron Butler,SF,5635270.076923077
367,Al-Farouq Aminu,SF,5634206.0
368,Maurice Harkless,SF,5630650.818181818
369,Alex Abrines,SG,5617094.4
370,Jonathan Kuminga,PF,5603110.0
371,P.J. Brown,PF,5595550.0
372,Josh Jackson,SG,5592678.0
373,Talen Horton-Tucker,SG,5544072.75
374,Jaxson Hayes,C,5529623.0
375,Josh Hart,SG,5525999.833333333
376,Jakob Poeltl,C,5514783.714285715
377,Dyson Daniels,SG,5508600.0
378,Patrick Beverley,PG,5503005.75
379,Jerome Williams,PF,5500000.0
380,Metta World Peace,SF,5496962.545454546
381,Tony Snell,SF,5484957.9
382,Killian Hayes,PG,5484160.0
383,Cedi Osman,SF,5476190.833333333
384,Shawn Bradley,C,5454000.0
385,Avery Johnson,PG,5445000.0
386,Austin Croshere,PF,5439698.5
387,Iman Shumpert,SG,5437381.444444444
388,Troy Hudson,PG,5428000.0
389,Dario Saric,PF,5407706.571428572
390,Dikembe Mutombo,C,5392384.111111111
391,Patty Mills,PG,5389026.428571428
392,Kenneth Faried,PF,5387873.0
393,Delon Wright,SG,5370664.25
394,Aron Baynes,C,5356972.444444444
395,Jeff Green,PF,5333788.5
396,Kwame Brown,C,5320321.2
397,Luke Babbitt,PF,5308206.7
398,Gerald Henderson,SG,5288940.0
399,Kevin Huerter,SG,5282289.2
400,Avery Bradley,PG,5263004.166666667
401,Amir Johnson,PF,5261582.538461538
402,Darren Collison,PG,5243649.75
403,Mo Williams,PG,5234544.153846154
404,Bobby Portis,PF,5205935.25
405,Danny Granger,SF,5205335.0
406,Kyle Korver,SG,5201037.6
407,Mike Miller,SG,5180434.6
408,Arron Afflalo,SG,5177299.7272727275
409,Troy Murphy,PF,5168055.6
410,Jameer Nelson,SG,5167314.0
411,Quentin Richardson,SF,5166760.0
412,Devin Harris,SG,5146810.071428572
413,Franz Wagner,SF,5133060.0
414,Brendan Haywood,C,5123697.090909091
415,Lou Williams,SG,5122684.388888889
416,Zach Collins,PF,5113769.166666667
417,Obi Toppin,PF,5105160.0
418,Rui Hachimura,PF,5085337.0
419,Jeremy Sochan,PF,5063520.0
420,Ruben Patterson,PF,5055362.0
421,Royce O'Neale,PF,5052062.833333333
422,Darko Milicic,C,5046213.875
423,Kenny Thomas,PF,5041326.222222222
424,T.J. Ford,PG,5027035.625
425,Toni Kukoc,SF,5025000.0
426,Devonte' Graham,PG,5023835.4
427,Ivica Zubac,C,5002282.142857143
428,Channing Frye,PF,4974392.142857143
429,Morris Peterson,SG,4950424.0
430,Carl Landry,PF,4947923.909090909
431,Matthew Dellavedova,PG,4926732.444444444
432,Shandon Anderson,SF,4906457.666666667
433,Anderson Varejao,C,4896772.461538462
434,Theo Ratliff,C,4881202.9
435,Kevin Knox II,SF,4880135.6
436,Daniel Theis,C,4861429.5
437,Luis Scola,PF,4859516.2727272725
438,Josh Howard,SF,4856307.375
439,Dion Waiters,SG,4841115.555555556
440,Thomas Bryant,C,4838324.5
441,Cam Reddish,SF,4832083.5
442,Ersan Ilyasova,PF,4829173.384615385
443,Johnny Davis,SG,4810320.0
444,Lorenzen Wright,PF,4791263.5
445,Jerry Stackhouse,SF,4789968.8
446,Rasho Nesterovic,C,4775000.0
447,Shane Battier,SF,4758409.090909091
448,Alex Caruso,SG,4744824.4
449,Speedy Claxton,PG,4741336.2
450,Rodney Stuckey,PG,4734494.083333333
451,Vitaly Potapenko,C,4726500.0
452,Jeff Foster,PF,4721833.333333333
453,Mitchell Robinson,C,4719304.8
454,Davion Mitchell,PG,4718460.0
455,Deni Avdija,SF,4692720.0
456,Luguentz Dort,SG,4683506.75
457,Kurt Thomas,PF,4678195.1
458,Tyrus Thomas,PF,4653843.875
459,Michael Stewart,PF,4640000.0
460,Seth Curry,SG,4635173.444444444
461,Montrezl Harrell,C,4619846.5
462,Dan Gadzuric,C,4615594.625
463,Charlie Villanueva,PF,4602211.7272727275
464,Eric Williams,PF,4598000.0
465,Cameron Johnson,SF,4597944.75
466,Richaun Holmes,PF,4584143.75
467,Spencer Hawes,PF,4581133.818181818
468,Mark Jackson,PG,4580000.0
469,Ousmane Dieng,PF,4569840.0
470,Malik Monk,SG,4568407.333333333
471,Andre Roberson,PF,4550769.0
472,Rick Fox,SF,4549000.0
473,Stromile Swift,PF,4506290.166666667
474,Aaron McKie,SG,4500000.0
475,Ziaire Williams,PF,4482360.0
476,Bobby Jackson,PG,4476314.666666667
477,P.J. Washington,PF,4469748.75
478,JaMychal Green,PF,4462515.0
479,Jalen Smith,PF,4457960.0
480,Kris Humphries,PF,4449247.307692308
481,Monte Morris,PG,4419983.8
482,Nerlens Noel,C,4413532.2
483,Jon Leuer,PF,4391952.25
484,Marc Jackson,PF,4387500.0
485,Jerryd Bayless,SG,4380221.454545454
486,Martell Webster,SF,4346067.545454546
487,Kosta Koufos,C,4342882.909090909
488,Bob Sura,PG,4341500.0
489,Jalen Williams,PF,4341480.0
490,Marcus Fizer,PF,4320500.0
491,Jared Dudley,SF,4316725.428571428
492,Derrick Jones Jr.,SF,4313388.166666667
493,Tyus Jones,PG,4311078.0
494,Corey Brewer,PF,4308761.0
495,Darrell Arthur,PF,4278254.692307692
496,Nick Collison,PF,4276445.230769231
497,James Bouknight,SG,4258320.0
498,Devin Vassell,SG,4235200.0
499,Adam Morrison,SF,4230247.25
500,JaVale McGee,C,4218139.8
501,Raja Bell,SG,4213750.0
502,CJ Miles,SG,4211110.1875
503,Donyell Marshall,PF,4199172.75
504,Alan Henderson,PF,4186112.0
505,Nazr Mohammed,C,4182593.6153846155
506,Zaza Pachulia,C,4177728.6428571427
507,Langston Galloway,SG,4176388.285714286
508,Boban Marjanovic,C,4162684.75
509,Derek Fisher,PG,4156271.6666666665
510,Derrick Williams,PF,4146044.6666666665
511,Luke Walton,SF,4135340.75
512,Jonathon Simmons,SG,4133288.1666666665
513,Bonzi Wells,SG,4133066.6666666665
514,Romeo Langford,SG,4132054.25
515,Darius Songaila,PF,4125875.0
516,Jalen Duren,C,4124280.0
517,Luke Ridnour,PG,4105807.090909091
518,Nicolo Melli,PF,4102564.0
519,Drew Gooden,PF,4091974.230769231
520,Marcus Banks,PG,4080879.75
521,Miles Bridges,SF,4079463.25
522,Wesley Johnson,PF,4075654.3636363638
523,Scot Pollard,C,4069509.0
524,Dorian Finney-Smith,PF,4048668.714285714
525,Joshua Primo,SG,4045560.0
526,Robert Williams III,C,4044271.6
527,Joel Przybilla,C,4029361.3
528,Damon Jones,PG,4028555.0
529,Tony Battie,C,4026176.7
530,Kris Dunn,SG,4024385.1428571427
531,Etan Thomas,C,4023825.5
532,Tyrese Haliburton,PG,4023520.0
533,Chris Wilcox,PF,4020828.5
534,Jonathan Bender,SF,4016757.0
535,Jordan Hill,C,4008017.777777778
536,Brandon Jennings,SG,4005338.75
537,Sarunas Jasikevicius,PG,4000000.0
538,DeSagana Diop,C,3997533.3333333335
539,Landry Fields,SG,3997159.8
540,Tyler Herro,PG,3987189.0
541,Darius Miles,SF,3979174.0
542,Bruce Bowen,SF,3956250.0
543,Grayson Allen,SG,3920747.0
544,Ochai Agbaji,SG,3918360.0
545,Vladimir Radmanovic,SF,3909293.2
546,Marcus Thornton,SG,3895138.3333333335
547,Kendrick Perkins,C,3880872.7333333334
548,Nemanja Bjelica,PF,3875295.4285714286
549,Jorge Garbajosa,PF,3875000.0
550,Ricky Davis,SG,3874150.0
551,Chris Duhon,PG,3867350.0
552,Ed Davis,C,3863226.0
553,Patrick Patterson,PF,3861561.0
554,Derek Anderson,SG,3859229.8
555,Shaun Livingston,SG,3848146.8571428573
556,Ty Lawson,SG,3844800.875
557,Chris Duarte,SG,3843180.0
558,Frank Ntilikina,PG,3841552.3333333335
559,Lance Thomas,PF,3832290.25
560,Marquis Daniels,SG,3825222.25
561,Kira Lewis Jr.,PG,3822240.0
562,Yi Jianlian,SF,3819018.875
563,Landry Shamet,SG,3811430.2
564,Robert Horry,PF,3811250.0
565,Dennis Smith Jr.,PG,3804929.4
566,Moochie Norris,PG,3800000.0
567,Udonis Haslem,PF,3784466.882352941
568,Adonal Foyle,C,3780028.0
569,Lonnie Walker IV,SG,3773195.2
570,Trevor Booker,PF,3746588.5714285714
571,Gabriel Deck,SF,3741358.0
572,Alex Len,C,3738635.2
573,Raymond Felton,SG,3729892.6428571427
574,Trenton Hassell,SF,3722833.3333333335
575,Mark Williams,C,3722040.0
576,Leandro Barbosa,SG,3714684.6923076925
577,Jarrett Jack,SG,3697857.9166666665
578,Austin Rivers,SG,3685660.0
579,D.J. Augustin,SG,3685575.25
580,Greg Oden,C,3668533.8571428573
581,Matt Carroll,SG,3648500.0
582,Aaron Nesmith,SF,3631320.0
583,Andrew DeClercq,C,3625000.0
584,Greg Buckner,SG,3624394.0
585,Reggie Bullock Jr.,SF,3614145.8181818184
586,Lawrence Funderburke,PF,3600000.0
587,E'Twaun Moore,SG,3597057.8333333335
588,Rafer Alston,PG,3595175.0
589,Nickeil Alexander-Walker,SG,3587278.25
590,Nenad Krstic,C,3572270.285714286
591,Kyle Singler,PF,3569666.6666666665
592,Rodney Hood,SG,3564690.714285714
593,Moses Moody,SG,3562200.0
594,Eduardo Najera,PF,3558035.5
595,Mike Scott,PF,3554531.714285714
596,Jared Jeffries,PF,3543456.875
597,Juancho Hernangomez,PF,3541225.0
598,Dewayne Dedmon,C,3537753.2
599,AJ Griffin,PF,3536160.0
600,Brevin Knight,PG,3532400.0
601,Pat Garrity,PF,3525000.0
602,Donte DiVincenzo,SG,3521358.0
603,Voshon Lenard,SG,3520000.0
604,Sam Cassell,PG,3508633.25
605,Michael Beasley,PF,3507611.3636363638
606,Marco Belinelli,SG,3506060.25
607,Dale Davis,PF,3500000.0
608,Jason Kapono,SG,3498957.25
609,Allonzo Trier,SG,3494666.6666666665
610,Jason Williams,PG,3493496.25
611,Sekou Doumbouya,SF,3490470.0
612,Zeljko Rebraca,C,3480000.0
613,Josh Childress,PF,3477815.1666666665
614,Jonas Jerebko,PF,3473238.4
615,Earl Watson,PG,3470964.6666666665
616,Corey Kispert,SF,3468300.0
617,Jerome Robinson,SG,3450480.0
618,Cole Anthony,PG,3449400.0
619,Joe Smith,PF,3429786.4
620,Kevon Looney,PF,3425725.875
621,Steven Hunter,C,3413205.6
622,T.J. McConnell,PG,3400096.125
623,Greivis Vasquez,PG,3398330.0
624,Lance Stephenson,SG,3391858.777777778
625,Garrett Temple,SF,3389607.4285714286
626,Ish Smith,PG,3378243.153846154
627,Markieff Morris,PF,3373466.5833333335
628,Lamond Murray,SF,3364791.0
629,Cameron Payne,PG,3359343.0
630,Dragan Bender,PF,3352821.6
631,Travis Outlaw,SF,3351858.6
632,Jamaal Tinsley,PG,3350828.111111111
633,Thabo Sefolosha,PF,3349699.4285714286
634,Desmond Mason,SF,3345035.7
635,Jae'Sean Tate,SF,3342965.0
636,Festus Ezeli,C,3334918.0
637,Ramon Sessions,SG,3329010.5
638,Trey Lyles,PF,3323256.125
639,Michael Olowokandi,C,3322475.5
640,Emmanuel Mudiay,SG,3310712.8
641,Tari Eason,PF,3309160.0
642,Ben McLemore,SG,3303169.777777778
643,Bo Outlaw,PF,3298262.75
644,Alperen Sengun,C,3295080.0
645,Anthony Parker,SG,3292857.1428571427
646,Jason Thompson,PF,3285683.875
647,Jason Smith,PF,3285255.533333333
648,Isaiah Stewart,C,3277160.0
649,Chuma Okeke,PF,3277160.0
650,Chris Mihm,C,3269176.3333333335
651,Mike James,PG,3263452.6363636362
652,Beno Udrih,PG,3262356.5384615385
653,Chris Whitney,PG,3259000.0
654,Jan Vesely,PF,3248960.0
655,Troy Brown Jr.,SF,3238938.8
656,Chucky Atkins,PG,3237928.1428571427
657,Willie Cauley-Stein,C,3217313.75
658,Simone Fontecchio,PF,3205128.0
659,Dalen Terry,PF,3191400.0
660,Steve Blake,PG,3188860.4545454546
661,Brandon Bass,PF,3186690.0833333335
662,Khem Birch,C,3183045.714285714
663,Justin Holiday,SF,3179103.0
664,Nic Claxton,C,3174728.0
665,Mickael Pietrus,SF,3171191.125
666,Daniel Gibson,SG,3157167.714285714
667,Sasha Vujacic,SG,3151924.4
668,Brian Cardinal,PF,3146856.5
669,D.J. Wilson,PF,3144490.0
670,David Wesley,SG,3133750.0
671,Brandan Wright,PF,3132980.4545454546
672,Trey Murphy III,SG,3130200.0
673,Matisse Thybulle,SG,3128281.75
674,Torrey Craig,SF,3124112.8
675,Isaiah Thomas,SG,3123115.8181818184
676,Alexey Shved,PG,3122222.0
677,Ekpe Udoh,PF,3118524.4285714286
678,Aleksej Pokusevski,PF,3113160.0
679,Jodie Meeks,SG,3108558.4
680,Randy Foye,SG,3100581.909090909
681,Francisco Garcia,SG,3094247.4
682,Cole Aldrich,C,3087764.625
683,Reggie Evans,C,3070129.4
684,Tony Allen,SG,3060492.6153846155
685,Jake LaRavia,PF,3047640.0
686,Brandon Clarke,PF,3038140.0
687,Bruce Brown,SF,3026855.8
688,Charlie Bell,SG,3012171.375
689,Hasheem Thabeet,C,3004973.3333333335
690,Tony Delk,PG,3000000.0
691,Chris Crawford,SF,3000000.0
692,Alan Williams,C,2989508.25
693,T.J. Leaf,PF,2988806.25
694,Nick Young,SG,2987111.5
695,Jared Sullinger,C,2987070.0
696,Joel Freeland,C,2975000.0
697,Tre Mann,PG,2973720.0
698,Tibor Pleiss,C,2966666.6666666665
699,Glen Davis,PF,2964847.285714286
700,Mindaugas Kuzminskas,PF,2961517.5
701,Chandler Hutchison,SF,2961039.6
702,Josh Green,SG,2957560.0
703,Keyon Dooling,PG,2951488.888888889
704,Grant Williams,PF,2950670.25
705,Darius Miller,SF,2926102.714285714
706,Malaki Branham,SG,2925600.0
707,Bimbo Coles,PG,2925000.0
708,Chuck Hayes,PF,2922873.0
709,Stanley Johnson,SF,2906696.75
710,Horace Grant,C,2903000.0
711,Furkan Aldemir,PF,2900000.0
712,George Lynch,SF,2900000.0
713,Hubert Davis,SG,2894000.0
714,Michael Doleac,C,2880000.0
715,Luka Samanic,PF,2875020.0
716,Josh McRoberts,PF,2870982.727272727
717,Cody Martin,SF,2868478.0
718,Larry Sanders,PF,2864921.714285714
719,Luc Mbah a Moute,PF,2864634.9166666665
720,Hamidou Diallo,SG,2863835.4
721,Jason Maxiell,PF,2857028.3333333335
722,Darius Bazley,PF,2850407.25
723,Alexis Ajinca,C,2842213.8571428573
724,Kai Jones,PF,2839800.0
725,Brent Barry,SG,2838071.888888889
726,Saddiq Bey,SF,2824440.0
727,Frank Kaminsky,PF,2811379.5
728,Christian Braun,SG,2808600.0
729,Michael Curry,SF,2800000.0
730,Kostas Papanikolaou,SF,2798992.5
731,Zhaire Smith,SG,2792820.0
732,Pat Connaughton,SG,2791895.0
733,Anthony Bennett,PF,2773373.6
734,Othella Harrington,PF,2770200.0
735,Jason Collins,C,2761668.6363636362
736,Furkan Korkmaz,SG,2748831.6666666665
737,DeShawn Stevenson,SG,2740846.7
738,Gordan Giricek,SG,2733150.6666666665
739,Jalen Johnson,SF,2726110.0
740,Eddie Griffin,PF,2712333.3333333335
741,Precious Achiuwa,PF,2711200.0
742,Tarik Black,PF,2708348.75
743,Nassir Little,SF,2700987.0
744,Marreese Speights,PF,2696911.777777778
745,Walker Kessler,C,2696400.0
746,Jahlil Okafor,C,2683518.0
747,Chris Andersen,PF,2683177.4545454546
748,JJ Hickson,C,2680865.625
749,Linas Kleiza,SF,2679367.5714285714
750,Ryan Gomes,SF,2675760.125
751,Mario Chalmers,SG,2675752.3333333335
752,Thon Maker,PF,2671649.4
753,Isaiah Hartenstein,C,2669987.4
754,Caleb Martin,SF,2669478.0
755,Kendrick Nunn,SG,2667090.0
756,Hakim Warrick,PF,2653492.75
757,Josh Okogie,SF,2653286.8
758,Carlos Delfino,SG,2652780.111111111
759,Andray Blatche,C,2650911.888888889
760,Denzel Valentine,SG,2650352.714285714
761,J.J. Barea,SG,2647057.4
762,Jerome Moiso,C,2642000.0
763,Matt Bonner,C,2641092.6363636362
764,C.J. Watson,PG,2640815.090909091
765,Jim Jackson,SF,2640000.0
766,Marko Guduric,SG,2625000.0
767,Aaron Williams,C,2618000.0
768,Keon Johnson,SG,2617080.0
769,Dylan Windler,SG,2612429.5
770,Calvin Booth,C,2611390.1666666665
771,John Amaechi,PF,2610000.0
772,Jonny Flynn,PG,2607597.25
773,Terence Davis,SG,2604072.75
774,Tyrese Maxey,PG,2602880.0
775,Jeff McInnis,PG,2590203.3333333335
776,David Roddy,PF,2588640.0
777,Lavoy Allen,PF,2583141.1666666665
778,Terrance Ferguson,SF,2580923.25
779,Justin Jackson,SF,2572612.5
780,Anthony Morrow,SG,2570934.0
781,David Andersen,C,2546296.25
782,Jamaal Magloire,C,2539309.6
783,Trey Burke,PG,2538643.8
784,Jason Collier,C,2529000.0
785,Jordan Poole,SG,2522719.75
786,Isaiah Jackson,SF,2512500.0
787,Thomas Robinson,PF,2508243.8
788,Wayne Ellington,SG,2504958.5833333335
789,Keldon Johnson,SF,2504346.25
790,Bostjan Nachbar,SF,2500000.0
791,Arvydas Macijauskas,SG,2500000.0
792,Malcolm Delaney,SG,2500000.0
793,MarJon Beauchamp,PF,2485200.0
794,Aaron Holiday,SG,2480688.2
795,Dorell Wright,SF,2473700.6666666665
796,Jarred Vanderbilt,PF,2468535.4
797,Devean George,SF,2464661.6666666665
798,Robert Swift,C,2458081.0
799,Jake Layman,PF,2456803.0
800,Willie Green,SG,2449099.222222222
801,Rodney McGruder,SG,2448377.285714286
802,Mark Madsen,PF,2430600.0
803,Chris Copeland,SF,2428333.3333333335
804,Zeke Nnaji,PF,2427440.0
805,Jake Tsakalidis,C,2425500.0
806,Usman Garuba,PF,2412240.0
807,Mike Muscala,C,2409487.1
808,Michael Sweetney,PF,2406938.0
809,Kevin Seraphin,C,2406569.875
810,Blake Wesley,SG,2385480.0
811,Keith Bogans,SG,2373627.4
812,Goga Bitadze,C,2371215.25
813,Julian Wright,SF,2363828.5
814,Tyronn Lue,PG,2362363.0
815,Bryn Forbes,SG,2361331.0
816,Tyler Hansbrough,PF,2358224.285714286
817,Quincy Pondexter,PF,2355497.777777778
818,Leandro Bolmaro,PF,2353320.0
819,Quincy Lewis,SG,2350000.0
820,David Nwaba,SF,2330873.8333333335
821,Kyle O'Quinn,C,2318757.285714286
822,Rafael Araujo,C,2317080.0
823,Josh Christopher,SG,2315700.0
824,Juwan Howard,PF,2310682.285714286
825,Shelvin Mack,SG,2310071.1428571427
826,Wendell Moore Jr.,SG,2306520.0
827,Ty Jerome,SG,2303120.0
828,Fred Jones,SG,2297156.25
829,Dion Glover,SG,2270000.0
830,Anthony Johnson,PG,2260150.0
831,Andrew Nembhard,PG,2244111.0
832,Tyler Zeller,C,2243643.111111111
833,Shabazz Muhammad,PF,2240574.75
834,Nikola Jovic,PF,2239920.0
835,Patrick Baldwin Jr.,PF,2226000.0
836,Quentin Grimes,SG,2222880.0
837,Carlos Arroyo,PG,2219585.1666666665
838,Rodney White,SF,2214500.0
839,Anthony Tolliver,PF,2214204.75
840,Gary Payton II,SG,2213820.2
841,Immanuel Quickley,SG,2210800.0
842,TyTy Washington Jr.,SG,2210040.0
843,John Konchar,SG,2200000.0
844,Brian Scalabrine,PF,2195395.875
845,Peyton Watson,PF,2193960.0
846,Payton Pritchard,PG,2190040.0
847,Justin Patton,C,2178548.0
848,Ronnie Brewer,SF,2177416.4444444445
849,Jiri Welsch,GF,2177114.0
850,Ronny Turiaf,C,2174243.375
851,Bones Hyland,PG,2149200.0
852,Bol Bol,C,2139797.3333333335
853,Alonzo Mourning,C,2133666.6666666665
854,Patrick McCaw,SF,2126749.4
855,KJ McDaniels,PF,2125461.25
856,Jerian Grant,SG,2123507.0
857,Marquese Chriss,SF,2121760.1428571427
858,Danuel House Jr.,SF,2119880.6666666665
859,Mikki Moore,C,2116583.5714285714
860,Michael Carter-Williams,SG,2112971.0
861,Edmond Sumner,PG,2112043.75
862,Will Bynum,PG,2106014.111111111
863,Juan Dixon,SG,2099395.25
864,Ira Newble,SF,2089547.0
865,Cam Thomas,SG,2087220.0
866,Jordan McLaughlin,PG,2080000.0
867,Udoka Azubuike,C,2075920.0
868,Jaden Springer,SG,2074500.0
869,Brian Cook,PF,2072499.125
870,Harry Giles III,PF,2066451.0
871,James Jones,SG,2064940.5833333333
872,Jaden McDaniels,PF,2063160.0
873,Ante Zizic,C,2062440.0
874,Fabricio Oberto,C,2059770.875
875,Georges Niang,SF,2059419.1666666667
876,Day'Ron Sharpe,C,2059260.0
877,Tony Bradley,C,2050726.0
878,Noah Vonleh,PF,2049963.857142857
879,Malachi Flynn,PG,2048120.0
880,Vitor Faverani,C,2045000.0
881,Kedrick Brown,SG,2044500.0
882,Santi Aldama,PF,2044380.0
883,Desmond Bane,SG,2033280.0
884,Matt Barnes,SF,2010129.75
885,Kevin Porter Jr.,SG,2002298.25
886,Jeremiah Robinson-Earl,PF,2000000.0
887,Jaylin Williams,PF,2000000.0
888,Caleb Houstan,SG,2000000.0
889,Garrison Mathews,SG,2000000.0
890,Sterling Brown,SF,1999261.3333333333
891,Justin Anderson,PF,1998814.0
892,Donnell Harvey,PF,1997000.0
893,Jordan Farmar,PG,1990734.0909090908
894,Mateen Cleaves,PG,1979603.3333333333
895,Johan Petro,C,1973238.75
896,Sasha Pavlovic,SG,1973069.0
897,Theo Maledon,PG,1966666.6666666667
898,Nik Stauskas,SG,1956496.0
899,Sebastian Telfair,PG,1953567.6666666667
900,Anthony Randolph,SF,1953398.7142857143
901,Jarvis Hayes,SF,1949601.4
902,Damien Wilkins,SG,1943991.4
903,Adreian Payne,PF,1938800.0
904,Lindy Waters III,PF,1927896.0
905,Chase Budinger,SF,1921653.142857143
906,Primoz Brezec,C,1915249.5
907,Jarron Collins,C,1915099.4
908,Walter Herrmann Heinrich,PF,1914666.6666666667
909,Mamadou N'diaye,C,1903000.0
910,Brian Skinner,PF,1901710.5
911,Killian Tillie,SF,1901625.0
912,Clifford Robinson,PF,1900000.0
913,Jake Voskuhl,C,1898174.5
914,Shawne Williams,SF,1897440.125
915,Rashad McCants,SG,1895351.5
916,Sam Dekker,PF,1876668.5
917,Vasileios Spanoulis,PG,1872000.0
918,Jacob Evans,SG,1862480.0
919,Bruno Fernando,PF,1854498.25
920,Shelden Williams,C,1844500.5714285714
921,James Ennis III,PF,1842446.1666666667
922,Lucas Nogueira,C,1842000.0
923,Nathan Knight,PF,1836090.0
924,Matt Ryan,PF,1836090.0
925,Dante Cunningham,PF,1835675.111111111
926,Omari Rasulala Spellman,PF,1835520.0
927,Delonte West,SG,1830962.125
928,Gary Neal,PG,1812129.6666666667
929,Rashad Vaughn,SG,1811040.0
930,Jordan Nwora,SF,1805430.3333333333
931,Jon Barry,SG,1800000.0
932,Eric Piatkowski,SG,1799312.6666666667
933,Willy Hernangomez,C,1786857.4285714286
934,Zarko Cabarkapa,SF,1780728.5
935,Kirk Snyder,SG,1777704.3333333333
936,Amir Coffey,SG,1774275.0
937,Nate Robinson,PG,1771575.1818181819
938,Stacey Augmon,SF,1769250.0
939,Luca Vildoza,SG,1765142.3333333333
940,Luke Kornet,C,1763704.8
941,Charles Bassey,C,1762629.0
942,Calbert Cheaney,SG,1760000.0
943,Maurice Evans,SG,1758597.25
944,Troy Daniels,SG,1758126.5714285714
945,Luigi Datome,SF,1750000.0
946,Shammond Williams,PG,1750000.0
947,James Young,SG,1749840.0
948,Caleb Swanigan,PF,1746360.0
949,Shake Milton,SG,1745436.5
950,Slava Medvedenko,PF,1745264.0
951,Jevon Carter,PG,1744318.6
952,Dean Wade,PF,1743761.0
953,Herbert Jones,SF,1742500.0
954,Gabe Vincent,PG,1742427.5
955,Drew Eubanks,PF,1739816.6666666667
956,Jackie Butler,C,1730582.6666666667
957,Rondae Hollis Jefferson,SF,1730448.1666666667
958,Justin Hamilton,C,1728629.5
959,Kosta Perovic,C,1717000.0
960,Ryan Arcidiacono,SG,1712624.0
961,Kevin Ollie,PG,1710964.875
962,Zoran Dragic,SG,1706225.0
963,Frank Jackson,SG,1703094.25
964,Roger Mason Jr.,SG,1700562.7142857143
965,Jonah Bolden,PF,1695633.3333333333
966,Joffrey Lauvergne,PF,1683506.0
967,Rasual Butler,SF,1678272.0
968,Eddie House,SG,1674875.625
969,Tyler Lydon,PF,1673802.0
970,Shannon Brown,PG,1672873.5555555555
971,Shabazz Napier,SG,1672047.1666666667
972,Jarrell Brantley,PF,1669178.0
973,Kevin Pangos,SG,1669178.0
974,Gerald Green,SG,1664734.5714285714
975,Glenn Robinson III,PF,1662327.3333333333
976,R.J. Hampton,SG,1660494.3333333333
977,Rodions Kurucs,SF,1658778.0
978,Jaylen Nowell,SG,1657820.75
979,Kelenna Azubuike,SF,1656703.857142857
980,Abdel Nader,SF,1652840.8333333333
981,Kenrich Williams,SF,1651063.2
982,Mychal Mulder,SG,1650301.0
983,Wenyen Gabriel,PF,1648327.0
984,Royce White,PF,1645440.0
985,Dan Dickau,PG,1644189.75
986,Daequan Cook,SG,1640628.0
987,Jericho Sims,C,1639842.0
988,Trevelin Queen,SG,1637966.0
989,Yogi Ferrell,PG,1635688.5714285714
990,Cedric Simmons,SF,1629120.0
991,Tyler Ennis,SG,1627816.25
992,Svi Mykhailiuk,SG,1626742.8
993,Saben Lee,SG,1620851.5
994,Josh Gray,SG,1620564.0
995,Kendall Marshall,PG,1618276.5
996,Aaron Brooks,SG,1617372.9090909092
997,Wes Iwundu,PF,1616960.6666666667
998,Paul Watson,SG,1616294.3333333333
999,Kelan Martin,SG,1616294.3333333333
1000,Maceo Baston,SF,1615803.6666666667
1001,Vlatko Cancar,SF,1608317.75
1002,Jarell Martin,PF,1607622.0
1003,Skal Labissiere,PF,1596312.25
1004,Damyean Dotson,SG,1593751.0
1005,Damion Lee,SG,1588018.25
1006,Ron Baker,SG,1586642.2
1007,Francisco Elson,C,1585317.5
1008,DerMarr Johnson,SF,1582450.5
1009,Jumaine Jones,SF,1574517.0
1010,Chris Singleton,SF,1574120.0
1011,Xavier Tillman,PF,1573202.0
1012,Yaroslav Korolev,SF,1570000.0
1013,Renaldo Balkman,SF,1568459.5714285714
1014,Eric Maynor,PG,1567350.0
1015,Brian Roberts,PG,1565969.4
1016,Aaron Wiggins,SG,1563518.0
1017,Semi Ojeleye,PF,1563326.6666666667
1018,Terance Mann,SG,1557820.75
1019,Reece Gaines,PG,1556160.0
1020,Sean Kilpatrick,SG,1555678.3333333333
1021,Vernon Carey Jr.,C,1550200.6666666667
1022,Damian Jones,C,1549648.5714285714
1023,Dahntay Jones,SG,1548501.0
1024,Shane Larkin,SG,1547680.0
1025,Quinn Cook,PG,1545290.0
1026,Malachi Richardson,SG,1543448.0
1027,Ike Diogu,PF,1537838.875
1028,Isaiah Todd,PF,1537500.0
1029,Sergey Karasev,SG,1533840.0
1030,Daniel Gafford,C,1532398.25
1031,Naz Reid,C,1532398.25
1032,Jalen McDaniels,PF,1532398.25
1033,Moritz Wagner,C,1531106.4
1034,Raul Neto,PG,1525697.25
1035,Gustavo Ayon,PF,1522500.0
1036,Aaron Gray,C,1520234.625
1037,Brad Wanamaker,PG,1511387.0
1038,Joe Alexander,SF,1509929.4
1039,Terrence Williams,SG,1509819.3333333333
1040,Carsen Edwards,PG,1509542.6666666667
1041,Lindsey Hunter,SG,1509389.2222222222
1042,Robert Woodard II,PF,1508990.5
1043,Nigel Williams-Goss,SG,1508990.5
1044,Tyrone Wallace,SG,1508615.0
1045,Antonio Blakeney,SG,1508615.0
1046,Keita Bates-Diop,SF,1505422.8
1047,Earl Clark,SF,1502706.0
1048,Hilton Armstrong,PF,1502110.0
1049,Slava Kravtsov,C,1500000.0
1050,Christian Koloko,C,1500000.0
1051,Miroslav Raduljica,C,1500000.0
1052,Jontay Porter,C,1499483.25
1053,Miye Oni,SG,1495383.25
1054,KZ Okpala,SF,1495383.25
1055,Alen Smailagic,PF,1495383.25
1056,Xavier Henry,SG,1491742.142857143
1057,Zoran Planinic,PG,1490828.0
1058,Patrick O'Bryant,C,1482722.5
1059,Scott Padgett,PF,1482183.6666666667
1060,Steve Novak,SF,1481932.6666666667
1061,Hamed Ehaddadi,C,1480000.0
1062,Mitch McGary,PF,1478790.0
1063,Javonte Green,SF,1475286.5
1064,Austin Daye,SF,1474036.857142857
1065,Jordan Bell,PF,1459016.0
1066,Demetrius Jackson,SG,1450000.0
1067,DeAndre' Bembry,SG,1449458.4285714286
1068,Jamario Moon,SF,1446939.4
1069,Oleksiy Pecherov,C,1446720.0
1070,Derrick Walton Jr.,SG,1445697.0
1071,Zylan Cheatham,PF,1445697.0
1072,Isaac Bonga,SG,1437470.25
1073,Oshae Brissett,SF,1435261.3333333333
1074,Nick Richards,C,1433534.0
1075,Nando De Colo,SG,1431500.0
1076,Rodrigue Beaubois,PG,1423893.25
1077,Jordan Adams,SG,1419720.0
1078,Scotty Hopson,SG,1419639.0
1079,Anthony Gill,PF,1417460.3333333333
1080,Isaiah Joe,SG,1417460.3333333333
1081,Craig Smith,PF,1415564.5714285714
1082,Sean May,C,1408979.125
1083,Omri Casspi,PF,1407306.75
1084,JT Thor,PF,1406759.0
1085,Giorgios Papagiannis,C,1404498.0
1086,PJ Dozier,SG,1404368.6666666667
1087,Tyrell Terry,PG,1403913.5
1088,Milt Palacio,PG,1400000.0
1089,Eric Paschall,PF,1399637.3333333333
1090,KJ Martin,PF,1399637.3333333333
1091,Tre Jones,PG,1399637.3333333333
1092,Victor Khryapa,PF,1398986.0
1093,Mouhamed Sene,C,1391045.142857143
1094,Mfiondu Kabengele,C,1383654.75
1095,Jaylen Morris,PF,1378242.0
1096,Rodney Purvis,SG,1378242.0
1097,Tyler Dorsey,SG,1378242.0
1098,Ike Anigbogu,C,1378242.0
1099,Craig Brackins,PF,1372280.0
1100,Joey Graham,SF,1369835.375
1101,Isaiah Whitehead,SG,1369164.5
1102,Nolan Smith,PG,1365720.0
1103,Josh Boone,C,1364022.0
1104,Matt Thomas,SG,1361823.0
1105,Alfonzo McKinnie,PF,1361739.1666666667
1106,Perry Jones,SF,1360765.6
1107,Antoine Wright,SF,1359505.875
1108,Davon Reed,SG,1358874.0
1109,Elie Okobo,SG,1357389.3333333333
1110,Acie Law,PG,1352446.5
1111,Guillermo Hernangomez,C,1350000.0
1112,Jabari Bird,SG,1349464.0
1113,Ben Moore,PF,1349383.0
1114,Daniel Hamilton,PF,1349383.0
1115,James Nunnally,SF,1349383.0
1116,Michael Bradley,PF,1349374.3333333333
1117,Jahmi'us Ramsey,SG,1345320.6666666667
1118,Thanasis Antetokounmpo,SF,1345215.2
1119,Paul Zipser,PF,1339492.8
1120,Victor Claver,PF,1333333.3333333333
1121,Wade Baldwin IV,SG,1331701.0
1122,Roko-Leni Ukic,PG,1330000.0
1123,Chimezie Metu,PF,1325758.4
1124,Max Strus,SG,1320368.75
1125,Dwight Buycks,SG,1319760.3333333333
1126,Lamar Stevens,PF,1317656.0
1127,Sasha Kaun,C,1314160.0
1128,Jason Preston,PG,1312910.5
1129,Earl Boykins,PG,1312762.6666666667
1130,DeQuan Jones,SF,1312611.0
1131,Daniel Oturu,C,1311424.0
1132,Deividas Sirvydis,PF,1311424.0
1133,Isaiah Livers,PF,1310389.0
1134,Adrian Griffin,SG,1304179.0
1135,Paul Reed,SF,1303243.3333333333
1136,Brice Johnson,PF,1302540.0
1137,Henry Ellenson,PF,1301143.6666666667
1138,Isaiah Roby,PF,1300150.5
1139,Bryce Drew,PG,1300000.0
1140,Chinanu Onuaku,C,1298187.0
1141,Jeremy Evans,PF,1285633.625
1142,Yuta Watanabe,SF,1282495.0
1143,Frank Mason III,SG,1281313.5
1144,Melvin Ely,C,1278704.7777777778
1145,Cheick Diallo,PF,1269971.75
1146,Ronald Murray,SG,1269659.8
1147,Chris McCullough,PF,1267700.6666666667
1148,Josh Huestis,PF,1267700.6666666667
1149,Andrew Harrison,SG,1267520.6666666667
1150,Rodney Carney,SG,1264633.2
1151,Michael Ruffin,PF,1260447.75
1152,Isaiah Taylor,SG,1260269.75
1153,Duane Washington Jr.,PG,1256759.0
1154,Fab Melo,C,1254720.0
1155,DeJuan Blair,C,1251470.4285714286
1156,Sean Williams,PF,1249545.2
1157,Jock Landale,C,1244388.0
1158,Brandon Boston Jr.,SG,1244388.0
1159,Austin Reaves,SG,1244388.0
1160,Ayo Dosunmu,SG,1244388.0
1161,Greg Brown III,PF,1244388.0
1162,Jared Butler,SG,1244388.0
1163,Miles McBride,PG,1244388.0
1164,Vit Krejci,PF,1244388.0
1165,Marko Simonovic,C,1244388.0
1166,Dalano Banton,SG,1244288.0
1167,Dakari Johnson,C,1237585.25
1168,Zhou Qi,C,1237585.25
1169,Justin Reed,SF,1233831.3333333333
1170,Melvin Frazier Jr.,SG,1233426.0
1171,Pablo Prigioni,PG,1232579.8
1172,Jason Hart,PG,1227884.375
1173,Pero Antic,PF,1225000.0
1174,MarShon Brooks,SG,1208934.857142857
1175,CJ Elleby,SG,1208145.5
1176,Dewan Hernandez,PF,1208145.5
1177,Jalen Lecque,SG,1208145.5
1178,Justin James,SG,1208145.5
1179,Elijah Hughes,PF,1208145.5
1180,Khyri Thomas,SG,1206181.6
1181,Timothe Luwawu-Cabarrot,SG,1206104.5
1182,Kennedy Chandler,SG,1200000.0
1183,Jordan Mickey,PF,1197306.5
1184,Donte Greene,SF,1193965.6
1185,Dominique Jones,SG,1193320.0
1186,Mardy Collins,PG,1192425.5
1187,DeAndre Liggins,SG,1192394.0
1188,Julius Hodge,SG,1191780.0
1189,Livio Jean-Charles,SF,1188840.0
1190,Theo Pinson,SG,1183055.25
1191,Alonzo Gee,SF,1182430.6666666667
1192,Pavel Podkolzin,C,1181400.0
1193,Rakeem Christmas,PF,1176916.6666666667
1194,Malik Allen,PF,1175922.125
1195,P.J. Hairston,SF,1175580.0
1196,Damjan Rudez,SF,1175328.25
1197,Marcelinho Huertas,PG,1175031.0
1198,Ivan Rabb,PF,1164121.0
1199,Julyan Stone,SG,1160991.375
1200,CJ Wilcox,SG,1159680.0
1201,Gary Forbes,PF,1157868.0
1202,Al Thornton,SF,1150177.6
1203,Ryan Kelly,PF,1145689.0
1204,Willie Reed,C,1144784.6666666667
1205,Charlie Brown Jr.,SG,1140996.6666666667
1206,Naji Marshall,SF,1140200.6666666667
1207,Byron Mullens,C,1140126.75
1208,Bryon Russell,SF,1138500.0
1209,Stephen Zimmerman,C,1131305.5
1210,Maalik Wayns,PG,1130127.0
1211,Jeff Ayres,PF,1129996.7142857143
1212,Ryan Broekhoff,SG,1127658.0
1213,Javaris Crittenton,PG,1117974.5
1214,Tyler Ulis,SG,1115490.0
1215,Anthony Carter,PG,1113628.888888889
1216,Isaiah Canaan,SG,1110709.875
1217,Alan Anderson,SG,1100010.25
1218,Kyle Collinsworth,SG,1099985.0
1219,Brandon Paul,SG,1098762.4
1220,David Harrison,C,1097734.25
1221,Christian Eyenga,SF,1097520.0
1222,Jawun Evans,SG,1096928.5
1223,Sonny Weems,SG,1092616.8333333333
1224,Marcus Williams,PG,1091524.25
1225,Keith McLeod,PG,1090860.3333333333
1226,Arnett Moultrie,PF,1089240.0
1227,Sam Merrill,SG,1088763.6666666667
1228,Daishen Nix,SG,1087759.0
1229,Omer Yurtseven,C,1086720.3333333333
1230,Devin Brown,SG,1083035.2
1231,Terry Taylor,PF,1081759.0
1232,Nemanja Nedovic,PG,1080480.0
1233,James Anderson,SG,1078024.5
1234,Kareem Rush,SG,1076841.25
1235,Bryce McGowens,SG,1075000.0
1236,Jannero Pargo,PG,1067219.0
1237,JaJuan Johnson,PF,1065780.0
1238,Jacque Vaughn,PG,1064072.25
1239,Luther Head,PG,1062180.25
1240,Juan Toscano-Anderson,PF,1061541.75
1241,Quincy Douby,SG,1060376.5714285714
1242,Treveon Graham,PF,1056630.5
1243,Gary Clark,PF,1050760.6666666667
1244,John Jenkins,SG,1049438.5714285714
1245,Tyler Cook,PF,1048837.0
1246,Troy Williams,PF,1044759.0
1247,Lou Amundson,PF,1044091.0
1248,D.J. White,PF,1042879.0
1249,Chris Clemons,SG,1040664.0
1250,Alando Tucker,SF,1036780.0
1251,Ian Clark,SG,1036392.0
1252,Walter McCarty,PF,1035000.0
1253,Joe Young,SG,1029684.0
1254,Quincy Acy,PF,1028111.0
1255,Juwan Morgan,PF,1024842.25
1256,Malcolm Miller,PF,1022824.5
1257,Haywood Highsmith,PF,1021802.5
1258,Elijah Bryant,SG,1020191.0
1259,Caleb Homesley,SG,1018654.0
1260,Tyrese Martin,SG,1017781.0
1261,Jaden Hardy,SG,1017781.0
1262,Jabari Walker,PF,1017781.0
1263,Ryan Rollins,SG,1017781.0
1264,Chima Moneke,PF,1017781.0
1265,Max Christie,SG,1017781.0
1266,Josh Minott,PF,1017781.0
1267,Daniel Orton,C,1016686.3333333334
1268,Sergei Monia,SF,1016400.0
1269,Alize Johnson,PF,1011950.75
1270,Admiral Schofield,SF,1011496.3333333334
1271,Dairis Bertans,SG,1009308.0
1272,RJ Hunter,SG,1006493.0
1273,Anzejs Pasecniks,C,1000062.5
1274,John Edwards,C,1000000.0
1275,Trendon Watford,PF,1000000.0
1276,Jeremy Pargo,PG,1000000.0
1277,Kenneth Lofton Jr.,PF,1000000.0
1278,Archie Goodwin,SG,997814.0
1279,Greg Stiemsma,C,997268.2857142857
1280,Brandon Armstrong,SG,995000.0
1281,J.R. Giddens,SG,993000.0
1282,Chris Silva,PF,992449.5
1283,Malik Fitts,PF,991850.0
1284,Toney Douglas,PG,990179.1111111111
1285,Solomon Jones,PF,986619.2857142857
1286,Alex Poythress,PF,986119.6666666666
1287,Jerel McNeal,SG,981348.0
1288,Michael Gbinije,SG,981305.5
1289,AJ Hammons,C,981305.5
1290,Arinze Onuaku,PF,980431.0
1291,Wayne Selden,SG,980227.0
1292,Ryan Hollins,C,976090.3
1293,Rayjon Tucker,SG,969492.75
1294,Jeff Withey,C,969372.8
1295,Sam Young,SF,964983.3333333334
1296,Jemerrio Jones,PF,961937.3333333334
1297,Jordan Crawford,SG,959191.3333333334
1298,Tony Wroten,SG,958261.3333333334
1299,Reggie Williams,SF,957263.4285714285
1300,Jawad Williams,SF,956146.75
1301,Brandon Goodwin,SG,951454.3333333334
1302,Yante Maten,PF,950884.0
1303,Rade Zagorac,SF,950000.0
1304,Tarik Phillip,SG,947719.3333333334
1305,Sam Hauser,SF,938627.5
1306,Ky Bowman,SG,934085.0
1307,Wayne Simien,PF,932760.0
1308,Semaj Christon,PG,928041.0
1309,Nicolas Brussino,SF,928041.0
1310,Daniel Ochefu,PF,928041.0
1311,Kyle Wiltjer,PF,928041.0
1312,Diamond Stone,C,928041.0
1313,Sheldon Mac,SG,928041.0
1314,Devin Cannady,SG,926319.0
1315,Georgios Kalaitzakis,SF,925258.0
1316,Luka Garza,C,925258.0
1317,Devyn Marble,SG,922700.0
1318,Henry Sims,C,922450.6
1319,Aaron Jackson,PF,920364.0
1320,Ronnie Price,PG,920208.5454545454
1321,Jimmer Fredette,SG,916620.75
1322,Jordan Hamilton,SG,915786.4
1323,Royal Ivey,PG,914531.875
1324,Maurice Ager,SF,914414.5
1325,Bernard Robinson,SG,907249.0
1326,Quinton Ross,SF,905962.375
1327,Robert Sacre,C,905866.1666666666
1328,Luke Jackson,SF,904233.5
1329,Deyonta Davis,PF,902425.6666666666
1330,Jordan Goodwin,SG,900000.0
1331,Kalin Lucas,SG,899528.5
1332,Stephen Graham,SF,899021.0
1333,Stanton Kidd,SF,898310.0
1334,Justin Robinson,PF,898310.0
1335,Darrel Armstrong,PG,889443.6666666666
1336,Lazar Hayward,SF,887089.3333333334
1337,Elliot Williams,SG,882785.625
1338,Jarnell Stokes,C,882730.25
1339,Shaquille Harrison,SG,880520.6666666666
1340,Carrick Felix,SG,879697.6666666666
1341,Grant Jerrett,PF,878257.5
1342,Didier Ilunga-Mbenga,C,875319.375
1343,Kevin Murphy,SG,874636.0
1344,Xavier Munford,SG,874636.0
1345,John Holland,SG,874636.0
1346,DJ Stephens,SG,874636.0
1347,DaQuan Jeffries,SG,872848.5
1348,John Lucas III,PG,871957.7272727273
1349,Darrick Martin,PG,865578.6666666666
1350,Keith Benson,PF,864777.0
1351,Jon Brockman,PF,864397.0
1352,Maciej Lampe,PF,858534.0
1353,Jose Alvarado,PG,856759.0
1354,Casper Ware,SG,855251.3333333334
1355,Marcus Haislip,PF,855189.0
1356,Josh Davis,SF,854389.0
1357,Doron Lamb,SG,852057.5
1358,Kyle Weaver,SG,848117.4
1359,Salah Mejri,C,845964.25
1360,JaKarr Sampson,SF,845473.6666666666
1361,Adonis Thomas,SG,845059.0
1362,Tim Frazier,PG,844526.0
1363,Jaylen Adams,SG,843433.0
1364,David Stockton,SG,842293.8333333334
1365,Damien Inglis,SF,837500.0
1366,Marquis Teague,SG,836136.5
1367,Zendon Hamilton,C,835810.0
1368,Lee Nailon,SF,835810.0
1369,Laron Profit,SG,835810.0
1370,Eric Moreland,C,835243.6
1371,Robbie Hummel,SF,832760.5
1372,Isaiah Briscoe,SG,832751.75
1373,Jeffery Taylor,SF,830995.6666666666
1374,Cameron Bairstow,PF,828314.25
1375,Shayne Whittington,PF,828314.25
1376,Mile Ilic,C,825000.0
1377,Ryan Bowen,SF,824382.4285714285
1378,Damion James,SF,822767.3333333334
1379,Kessler Edwards,SF,821642.0
1380,Ime Udoka,PF,819588.7142857143
1381,Salim Stoudamire,SG,819099.125
1382,Kyrylo Fesenko,C,817447.4285714285
1383,Matt Jones,SG,815615.0
1384,Xavier Rathan-Mayes,SG,815615.0
1385,Alex Hamilton,SG,815615.0
1386,Naz Mitrou-Long,SG,815615.0
1387,LaDontae Henton,SF,815615.0
1388,Jordan Mathews,SG,815615.0
1389,Terry Henderson,SG,815615.0
1390,Cameron Oliver,PF,815615.0
1391,Bryce Alford,SG,815615.0
1392,James Blackmon Jr.,SG,815615.0
1393,Luke Petrasek,SF,815615.0
1394,Peter Jok,SF,815615.0
1395,Rashawn Thomas,PF,815615.0
1396,Erik McCree,PF,815615.0
1397,Troy Caupain,SG,815615.0
1398,V.J. Beachem,SF,815615.0
1399,Jaylen Johnson,PF,815615.0
1400,JeQuan Lewis,PG,815615.0
1401,Kennedy Meeks,PF,815615.0
1402,L.J. Peak,SG,815615.0
1403,T.J. Williams,PG,815615.0
1404,Donald Sloan,SG,814188.6666666666
1405,Tyler Honeycutt,SF,809875.0
1406,Randolph Morris,C,803192.5
1407,Mickael Gelabale,SF,802000.0
1408,Dajuan Wagner,SG,798112.0
1409,Desmon Farmer,SG,797581.0
1410,Josh Powell,PF,788777.8
1411,Chris Quinn,PG,788567.3333333334
1412,Deonte Burton,PF,784219.5
1413,Ivan Johnson,PF,783680.6666666666
1414,Johnny O'Bryant III,PF,782711.75
1415,Sean Marks,PF,781865.875
1416,Pat Burke,C,780000.0
1417,Markel Brown,SG,777608.6666666666
1418,Solomon Alabi,C,776666.6666666666
1419,Nick Johnson,SG,775416.75
1420,Chasson Randle,SG,775188.3333333334
1421,Casey Jacobsen,SG,770610.0
1422,Darvin Ham,SF,770610.0
1423,Joey Dorsey,PF,770128.8571428572
1424,Anthony Roberson,SG,769516.5
1425,Josh Harrellson,C,768686.6666666666
1426,Gabe Pruitt,PG,767601.6
1427,Jermaine Taylor,SG,766903.25
1428,Amile Jefferson,PF,766807.5
1429,Jared Cunningham,SG,766310.75
1430,Jamaal Franklin,SG,766252.6666666666
1431,Nate Wolters,PG,765637.6666666666
1432,Shavlik Randolph,PF,765492.0
1433,Pops Mensah-Bonsu,PF,763505.1666666666
1434,Luke Harangody,PF,763396.0
1435,Duje Dukan,PF,758121.6666666666
1436,Branden Dawson,SF,758121.6666666666
1437,J.J. O'Brien,SF,758121.6666666666
1438,Cliff Alexander,PF,758121.6666666666
1439,Jamal Sampson,C,754844.6666666666
1440,Darnell Jackson,PF,749917.4
1441,Lonny Baxter,PF,745248.0
1442,Qyntel Woods,SF,745248.0
1443,Nikoloz Tskitishvili,SF,745248.0
1444,Terence Morris,PF,745248.0
1445,Andre Barrett,SG,744551.0
1446,James Lang,C,744551.0
1447,Tarence Kinsey,SG,743887.0
1448,Axel Toupane,SG,743408.5
1449,Henry Walker,SF,742854.5714285715
1450,Paul Davis,C,742820.4285714285
1451,Malcolm Thomas,PF,740784.3333333334
1452,D.J. Strawberry,SG,740369.4
1453,Darrun Hilliard,SG,737318.0
1454,Derrick Brown,SF,732140.25
1455,Gary Payton,PG,731962.0
1456,Yakhouba Diawara,SG,730043.5
1457,Jeremy Tyler,C,729235.5
1458,Andy Rautins,SG,725914.6666666666
1459,James Singleton,PF,725736.2857142857
1460,Terrico White,SG,724101.75
1461,Morris Almond,SG,721064.3333333334
1462,Chris Douglas-Roberts,SG,720881.2857142857
1463,Malik Hairston,SG,719732.8
1464,Rick Brunson,PG,719373.0
1465,Ervin Johnson,C,719373.0
1466,Charles Smith,SG,719373.0
1467,Mike Wilks,PG,718934.1428571428
1468,Lynn Greer,PG,717409.5
1469,Von Wafer,SG,711971.8571428572
1470,Will Solomon,PG,711517.0
1471,Awvee Storey,SF,706179.0
1472,Samardo Samuels,PF,705528.0
1473,Jordan McRae,SG,704583.4
1474,Diante Garrett,PG,702704.3333333334
1475,Peter John Ramos,C,702275.5
1476,Chris Johnson,SG,702227.0
1477,Luis Montero,SG,699864.5
1478,Linton Johnson,PF,699350.75
1479,Malcolm Lee,SG,698317.3333333334
1480,Dexter Pittman,C,696729.3333333334
1481,Jermaine Jackson,PG,696508.0
1482,Pape Sow,PF,693149.5
1483,Willie Warren,SG,692581.3333333334
1484,Jermareo Davidson,PF,691979.3333333334
1485,DaJuan Summers,SF,691390.6666666666
1486,Mike Taylor,PG,689136.0
1487,Travis Diener,PG,687053.8571428572
1488,Taylor Griffin,PF,686043.25
1489,Jerome Jordan,C,684093.6666666666
1490,Pape Sy,SF,683782.6666666666
1491,Jarrod Uthoff,PF,680282.0
1492,Tyler Cavanaugh,PF,679919.0
1493,Sun Yue,SG,677558.8
1494,Joe Crawford,SG,677558.8
1495,DeMarcus Nelson,SG,677558.8
1496,Walter Sharpe,PF,677558.8
1497,Chris Richard,PF,677186.3333333334
1498,Andrew Goudelock,PG,676399.0
1499,Russ Smith,PG,676197.5
1500,Cleanthony Early,SF,676197.5
1501,Patricio Garino,SG,672290.0
1503,Brandon Ashley,PF,670354.0
1504,Donell Taylor,PG,669497.0
1505,Darington Hobson,SG,665998.0
1506,Semih Erden,C,665998.0
1507,Garret Siler,C,665998.0
1508,Hamady Ndiaye,C,665998.0
1509,Derrick Caracter,PF,665998.0
1510,Phil Pressey,PG,664649.2
1511,Noel Felix,PF,664209.0
1512,James Michael McAdoo,SF,664204.0
1513,Othello Hunter,SF,662843.5
1514,Elijah Millsap,PF,658541.0
1515,James White,SG,658275.4285714285
1516,Tony Mitchell,PF,658241.0
1517,Andre Brown,PF,658177.0
1518,Josh Selby,PG,656097.5
1519,Richie Frahm,SG,655936.5
1520,Nick Calathes,SG,653331.0
1521,Brandon Davies,PF,653331.0
1522,Dionte Christmas,SG,653331.0
1523,James Southerland,SF,653331.0
1524,Peyton Siva,PG,653331.0
1525,Ognjen Kuzmic,C,653331.0
1526,Trey Thompkins,PF,648597.5
1527,Esteban Batista,PF,644209.0
1528,Jackson Vroman,PF,641748.0
1529,Antonio Burks,PG,641748.0
1530,Donta Smith,SG,641748.0
1531,Ha Seung-Jin,C,641748.0
1532,Mario Kasun,C,641748.0
1533,Orlando Johnson,SG,641646.0
1534,Loren Woods,C,640260.6666666666
1535,Dwayne Jones II,PF,639526.625
1536,Predrag Drobnjak,C,639000.0
1537,Chris Wright,SF,638765.6666666666
1538,Toure' Murry,SF,636774.5
1539,Jelani McCoy,PF,634620.0
1540,D.J. Kennedy,SG,633595.75
1541,Chris Hunter,C,632455.0
1542,Travis Leslie,PG,631097.5
1543,Cory Jefferson,PF,629476.75
1544,Daniel Ewing,PG,628273.0
1545,Devin Green,SG,627933.0
1546,Jarvis Varnado,PF,625270.3333333334
1547,Coby Karl,PG,619862.5
1548,Bobby Brown,PG,619689.3333333334
1549,Alexander Johnson,SF,619442.6
1550,Mychel Thompson,SF,617899.5
1551,Devin Ebanks,SF,617899.5
1552,Cory Higgins,PG,617899.5
1553,Charles Jenkins,PG,617899.5
1554,Jordan Williams,C,617899.5
1555,Chris Babb,SG,613870.0
1556,Orien Greene,PG,611193.6666666666
1557,Dontell Jefferson,SG,607860.8
1558,Dominic McGuire,PF,605930.0
1559,Hassan Adams,SF,603897.0
1560,Joel Bolomboy,PF,600000.0
1561,Erik Jay Murphy,PF,598947.3333333334
1562,Glen Rice Jr.,SG,598947.3333333334
1563,A.J. Price,PG,596479.8
1564,Robert Hite,SG,591664.0
1565,Kenny Hasbrouck,NA,590515.25
1566,Derrick Byars,SF,589855.0
1567,Nathan Jawai,C,589267.0
1568,Darius Morris,SG,588180.0
1569,Zabian Dowdell,PG,588133.3333333334
1570,Curtis Jerrells,NA,586450.5
1571,Mike Harris,SF,578415.6666666666
1572,Smush Parker,PG,574893.3333333334
1573,Brian Butch,C,574338.0
1574,Thomas Gardner,SG,569340.0
1575,Demetris Nichols,SF,569340.0
1576,JamesOn Curry,PG,569340.0
1577,Cheikh Samb,C,569340.0
1578,Cartier Martin,PF,568825.125
1579,Da'Sean Butler,NA,567581.3333333334
1580,Hollis Thompson,PF,565262.0
1581,Earl Barron,C,562411.875
1582,Dee Brown,PG,562117.5
1583,Darryl Watkins,C,562117.0
1584,Gal Mekel,PG,562077.0
1585,Patrick Ewing Jr.,SF,558943.25
1586,Keifer Sykes,SG,558345.0
1587,Justin Williams,PF,557471.0
1588,Trey Gilder,SF,556788.25
1589,Eugene Omoruyi,PF,555402.0
1590,Alex Acker,SG,555139.5
1591,Marcus Landry,SF,554455.75
1592,James Augustine,PF,550087.0
1593,David Noel,SF,550087.0
1594,Greg Smith,PF,549891.75
1595,Vince Hunter,SF,543471.0
1596,Cat Barber,SG,543471.0
1597,Drew Crawford,SG,543471.0
1598,Stefan Jankovic,PF,543471.0
1599,Elgin Cook,SF,543471.0
1600,Beau Beech,SG,543471.0
1601,Ben Bentil,PF,543471.0
1602,Nick Zeisloft,SG,543471.0
1603,Marcus Paige,SG,543471.0
1604,Richard Solomon,PF,543471.0
1605,Jalen Jones,PF,543471.0
1606,D'Vauntes Smith-Rivera,PG,543471.0
1607,Quincy Ford,SG,543471.0
1608,Isaiah Cousins,SG,543471.0
1609,Nikola Jovanovic,PF,543471.0
1610,Andrew Andrews,SG,543471.0
1611,Scott Wood,SG,543471.0
1612,Matt Costello,PF,543471.0
1613,Egidijus Mockevicius,PF,543471.0
1614,Trey Freeman,PG,543471.0
1615,Julian Jacobs,PG,543471.0
1616,Nicolas Laprovittola,SG,543471.0
1617,Rasheed Sulaimon,SG,543471.0
1618,Keith Hornsby,SG,543471.0
1619,Thomas Walkup,SG,543471.0
1620,Gracin Bakumanya,C,543471.0
1621,Marshall Plumlee,C,543471.0
1622,Jameel Warney,PF,543471.0
1623,Ryan Richards,PF,543471.0
1624,J.J. Avila,PF,543471.0
1625,Cameron Jones,SG,543471.0
1626,Derek Cooke Jr.,PF,543471.0
1627,James Webb III,PF,543471.0
1628,J.P. Tokoto,SG,543471.0
1629,Kay Felder,SG,543471.0
1630,Kaleb Tarczewski,C,543471.0
1631,E.J. Singler,SF,543471.0
1632,Zach Auguste,PF,543471.0
1633,Yanick Moreira,C,543471.0
1634,Andre Owens,SG,543109.0
1635,Juan Carlos Navarro,PG,538090.0
1636,Maurice Ndour,SF,537345.0
1637,Jonathan Holmes,PF,537345.0
1638,Marcus Cousin,C,534248.0
1639,Martynas Andriuskevicius,C,531485.5
1640,Rawle Marshall,SF,531485.5
1641,Bracey Wright,SG,531485.5
1642,Lawrence Roberts,PF,531485.5
1643,Eddie Basden,SG,531485.5
1644,Brady Heslip,SG,531426.0
1645,Marqus Blakely,SF,530914.6666666666
1646,Robert Vaden,SG,530558.0
1647,Leon Powe,PF,529048.6666666666
1648,Magnum Rolle,NA,528700.6666666666
1649,Eddie Gill,PG,525425.3333333334
1650,Bo McCalebb,PG,525093.0
1652,Shannon Scott,SG,525093.0
1653,Robert Upshaw,C,525093.0
1654,Corey Hawkins,PG,525093.0
1655,Kyle Casey,SF,525093.0
1656,Greg Whittington,SF,525093.0
1657,Jarrid Famous,PF,525093.0
1658,Terran Petteway,SG,525093.0
1659,Melvin Ejim,SF,525093.0
1660,Jamil Wilson,SF,525093.0
1661,Scottie Wilbekin,PG,525093.0
1662,Sundiata Gaines,PG,522508.75
1663,Taurean Green,PG,521947.6666666667
1664,Ronald Dupree,SF,518055.3333333333
1665,Ricky Ledo,SG,513101.3333333333
1666,Bernard James,C,512879.0
1667,Travis Wear,PF,510096.6666666667
1668,Lester Hudson,SG,509211.0
1669,Tony Gaffney,SF,509027.3333333333
1670,Oliver Lafayette,SG,509027.3333333333
1671,Sim Bhullar,C,507336.0
1672,Patric Young,PF,507336.0
1673,Alex Kirk,C,507336.0
1674,Aaron Harrison,SG,497057.0
1675,Will Cherry,PF,495399.0
1676,Mike Hall,PF,491922.0
1677,Ryan Reid,PF,475000.0
1678,Ignas Brazdeikis,SF,473910.0
1679,Dennis Horner,PF,473604.0
1680,Sherron Collins,PG,473604.0
1681,Terrel Harris,SG,473604.0
1682,Carldell Johnson,PG,473604.0
1683,Brian Zoubek,NA,473604.0
1684,Tiny Gallon,NA,473604.0
1685,Matt Janning,SG,473604.0
1686,Josh Akognon,PG,473604.0
1687,Vernon Macklin,PF,473604.0
1688,Pooh Jeter,PG,473604.0
1689,Luke Zeller,PF,473604.0
1690,Tyshawn Taylor,PG,473604.0
1691,Steven Gray,SG,473604.0
1692,Stanley Robinson,NA,473604.0
1693,Drew Gordon,C,468540.0
1694,Jorge Gutierrez,SG,460231.6
1695,Courtney Fortson,PG,459395.0
1696,C.J. Williams,SG,459235.5
1697,Deron Washington,NA,457588.0
1698,Jack Cooley,PF,452372.5
1699,Jabari Brown,SG,452372.5
1700,Mickell Gladness,C,449846.5
1701,Ronald Roberts Jr.,PF,449067.0
1702,Steven Hill,C,442114.0
1703,Taj McCullough,NA,442114.0
1704,Jamaal Tatum,NA,442114.0
1705,Richard Hendrix,NA,442114.0
1706,Brandon Heath,SG,442114.0
1707,Dion Dowell,NA,442114.0
1708,David Padgett,NA,442114.0
1709,Sean Singletary,PG,442114.0
1710,Dwayne Mitchell,NA,442114.0
1711,C.J. Giles,NA,442114.0
1712,Jason Richards,NA,442114.0
1713,Trey Johnson,SG,441165.5
1714,Larry Turner,NA,427163.0
1715,Marcus Slaughter,C,427163.0
1716,Jackie Manuel,NA,427163.0
1717,Brandon Wallace,NA,427163.0
1718,Sammy Mejia,NA,427163.0
1719,Herbert Hill,NA,427163.0
1720,Adam Haluska,NA,427163.0
1721,Jared Newson,NA,427163.0
1722,Kevin Lyde,NA,427163.0
1723,Elton Brown,NA,427163.0
1725,Norvel Pelle,PF,425094.5
1726,Chris Taft,PF,423762.0
1727,Blake Ahearn,SG,417840.5
1728,Jeremy Richardson,SG,414868.0
1729,Jerome Dyson,PG,413562.5
1730,Steven Smith,SF,412718.0
1731,Brian Chase,NA,412718.0
1732,Uros Slokar,PF,412718.0
1733,Marquinhos Vieira,PF,412718.0
1734,Will Blalock,SG,412718.0
1735,Pat Carroll,NA,412718.0
1736,Mike Gansey,NA,412718.0
1737,Allan Ray,SG,412718.0
1738,Chris McCray,SG,412718.0
1739,Damir Markota,PF,412718.0
1740,Bobby Jones,SF,411520.6666666667
1741,Diamon Simpson,SF,409743.0
1742,Lance Allred,C,399731.0
1743,Boniface N'Dong,C,398762.0
1744,Robert Whaley,C,398762.0
1745,Gerald Fitch,SG,398762.0
1746,Kevin Burleson,PG,398762.0
1747,Dijon Thompson,SF,398762.0
1748,Bryce Cotton,SG,396708.0
1749,Ray McCallum,PG,395830.5
1750,Stephane Lasme,PF,389680.5
1751,Xavier Silas,SG,386826.5
1752,Patrick Christopher,SG,379010.0
1753,Joe Wieskamp,SF,378528.5
1754,Walker Russell Jr.,PG,374300.0
1755,Will Conroy,PG,371647.5
1756,Devontae Cacok,PF,364353.0
1757,Sandro Mamukelashvili,PF,357717.0
1758,Carlik Jones,SG,357717.0
1759,Lamar Patterson,SG,339668.3333333333
1760,Justin Harper,PF,337785.75
1761,Ben Uzoh,PG,332076.0
1762,Mario West,SG,326096.2
1763,Tim Quarterman,SG,319938.5
1764,Courtney Sims,C,319116.0
1765,Jarell Eddie,PF,309694.0
1766,Erick Green,PG,303377.0
1767,Junior Harrington,PG,302200.0
1768,Jared Reiner,C,302200.0
1769,Armon Johnson,PG,289049.0
1770,Keith Appling,PG,284556.0
1771,Keith Langford,SG,278912.0
1772,Michael Frazier II,SG,274389.0
1773,Pierre Jackson,PG,274091.75
1774,Ish Wainright,PF,240084.5
1775,Manny Harris,PG,239077.0
1776,Rob Kurz,SF,234052.5
1777,Mustafa Shakur,PG,229965.5
1778,Ray Spalding,PF,184746.0
1779,Jonathan Gibson,SG,177176.66666666666
1780,Bryce Dejean-Jones,SG,169883.0
1781,Xavier Cooks,SG,140384.0
1782,Armoni Brooks,SG,136926.0
1783,Nick Fazekas,PF,125636.0
1784,Freddie Gillespie,SF,116903.0
1785,Cameron Reynolds,SF,108953.0
1786,Chris Chiozza,SG,90005.0
1787,Mike Tobey,C,67135.0
1788,Othyus Jeffers,SG,59201.0
1789,Nigel Hayes,PF,55296.0
1790,Nate Williams,SG,52644.0
1791,Isaac Humphries,C,47371.0
1792,Mitchell Creek,SG,47371.0
1793,Billy Garrett Jr.,SG,42634.0
1794,BJ Johnson,PF,42634.0
1795,Cedric Jackson,SG,40375.0
1796,Jeff Foote,C,38194.0
1797,Kasib Powell,SF,36395.0
1798,Kobi Simmons,SG,32795.0
1799,Andre Dawkins,SG,29843.0
1800,Justin Champagnie,SF,28241.0
1801,David Duke Jr.,SG,28241.0
1802,Larry Owens,SF,22287.0
1803,Moses Brown,C,19186.0
1804,Andre Ingram,SG,13824.0
1805,Xavier Sneed,PF,8558.0
1806,Billy Thomas,SG,4533.0
